Twitter/X Link,Reason to Report
https://x.com/fedoration/status/1852116998064607390,5
https://x.com/nick_rose96/status/1850365270302634042,5
https://x.com/OmarShargawi/status/1851868583057297697,5
https://x.com/HackneySwp/status/1852772248324633040,15
https://x.com/Yusufafsar/status/1852385840921456846,15
https://x.com/BeautyMrked/status/1853873503188984175,15
https://x.com/mohamadfakih8/status/1855306559800385623,5
https://x.com/TorahJudaism/status/1848359235400147297,2
https://x.com/realflanbinflan/status/1759489765152346571,5
https://x.com/b_salem1/status/1803164191315870120,4
https://x.com/utalkntme/status/1786263653748256919,13
https://x.com/drhusseinabd/status/1803744396375941322,4
https://x.com/drhusseinabd/status/1783478189567697302,4
https://x.com/ithaitmelloul/status/1754229590380212582,5
https://x.com/paulinepark/status/1855762196145266894,5
https://x.com/Bernadotte22/status/1763231563045818814,5
https://x.com/Africa4Pal/status/1600882395120799745,5
https://x.com/sabriaballand/status/1855738166935744936,5
https://x.com/Andre__Damon/status/1854055465778642973,5
https://x.com/bkeithb/status/1856448330575884619,5
https://x.com/MannieMighty1/status/1853460648673300801,5
https://x.com/Adli02030892/status/1853467503722197266,5
https://x.com/TheGreatFausto1/status/1853767671625683077,4
https://x.com/Michael35081695/status/1853464937147892090,5
https://x.com/thickinskin/status/1853755582198514119,5
https://x.com/ClaireD3041358/status/1853759909105467748,5
https://x.com/ElHombreEHombre/status/1853465961749160318,10
https://x.com/I2funSmile/status/1853480884684701817,5
https://x.com/Anna_AnninaEl/status/1855004248905257382,4
https://x.com/RyanRozbiani/status/1855422624207425626,5
https://x.com/GAZAWOOD1/status/1855703803158253968,13
https://x.com/MissRinaIdrus/status/1854730283918278754,5
https://x.com/ajplus/status/1854569504011059658,5
https://x.com/poordad00/status/1854783175488065802,5
https://x.com/GotPropaganda/status/1810085354705223957,5
https://x.com/GotPropaganda/status/1857974763613827344,7
https://x.com/GotPropaganda/status/1856712161008963664,5
https://x.com/GotPropaganda/status/1857423346083803243,4
https://x.com/OnlinePalEng/status/1857789328665006118,5
https://x.com/OmarShargawi/status/1857448002366951575,14
https://x.com/_NicoleNonya/status/1856469274543399029,5
https://x.com/_NicoleNonya/status/1856262794041069798,1
https://x.com/Currentreport1/status/1841697690477797696,5
https://x.com/TorahJudaism/status/1850590484546093303,5
https://x.com/Humanityclouded/status/1858228148694831183,10
https://x.com/Humanityclouded/status/1858121443202019829,9
https://x.com/Humanityclouded/status/1857176152957198481,5
https://x.com/Humanityclouded/status/1857165949071212572,2
https://x.com/_NicoleNonya/status/1855295530311598523,2
https://x.com/Memoli61566606/status/1819107235945238814,1
https://x.com/BeckettUnite/status/1858076973240574083,5
https://x.com/Memoli61566606/status/1858134338606449009,1
https://x.com/Memoli61566606/status/1858106100911861831,5
https://x.com/umyaznemo/status/1857990037557653556,9
https://x.com/Partisangirl/status/1858617597148975588,5
https://x.com/salbag786/status/1856573658719805918,17
https://x.com/Crazycaptaincat/status/1859144061296202068,2
https://x.com/katalin_pota/status/1847832451449541037,5
https://x.com/DickMackintosh/status/1803838029217591316,5
https://x.com/Ian63506160/status/1858284806934532492,5
https://x.com/NetureiKarta/status/1853573155534602461,5
https://x.com/NetureiKarta/status/1859801701051666766,2
https://x.com/Jayjae1715/status/1771304861327294868,10
https://x.com/mango4sara/status/1771303123430052072,5
https://x.com/tulipstfu/status/1771324668940857354,7
https://x.com/Ayesha_Bagus/status/1859085816754024661,5
https://x.com/scottishpsc/status/1856337602665750890,10
https://x.com/ShaykhSulaiman/status/1860684546196254939,4
https://x.com/TorahJudaism/status/1860606630510928073,5
https://x.com/TorahJudaism/status/1860742986054664376,5
https://x.com/Kahlissee/status/1860968067875946992,5
https://x.com/Kahlissee/status/1860914182289281238,5
https://x.com/Bushra1Shaikh/status/1860427014349475956,5
https://x.com/ecomarxi/status/1860482422887923965,5
https://x.com/OnlinePalEng/status/1763876114412318752,12
https://x.com/DravenNoctis/status/1860994425045791054,6
https://x.com/Mescidiaksa4949/status/1763232818857984482,4
https://x.com/jewsdid_911/status/1855376005407588576,10
https://x.com/_NicoleNonya/status/1858763347098739032,10
https://x.com/Haroon_Mota/status/1862885023549964691,5
https://x.com/anna_lippman/status/1862639010738254135,5
https://x.com/RednRuff/status/1862845083587903495,5
https://x.com/AmnestyUK/status/1832702865527210086,5
https://x.com/s_m_marandi/status/1829917930114478471,6
https://x.com/Anna_AnninaEl/status/1845726642435436780,2
https://x.com/FatmaMu71628513/status/1861491189855461388,2
https://x.com/PalestineCultu1/status/1863350155652506071,13
https://x.com/Jmgumdrop1111/status/1853876364782485827,10
https://x.com/WarMonitors/status/1861685144085541183,9
https://x.com/WarMonitors/status/1863710180044652614,5
https://x.com/DrLoupis/status/1862582934232060271,5
https://x.com/umyaznemo/status/1638439348151504896,5
https://x.com/TourageNikkhah7/status/1864201748308488261,1
https://x.com/Aishalifett/status/1852006102843473973,5
https://x.com/PDeepdive/status/1863632355115585734,5
https://x.com/PDeepdive/status/1862398249203572748,5
https://x.com/GotPropaganda/status/1713283613821636776,1
https://x.com/GotPropaganda/status/1862865074454434119,1
https://x.com/GotPropaganda/status/1740862804616212749,2
https://x.com/Let__Us__Talk__/status/1741377269128392938,1
https://x.com/Luke7127/status/1744021415009964038,1
https://x.com/Luke7127/status/1787691329306153391,2
https://x.com/KeithWoodsYT/status/1865550109297029257,17
https://x.com/Kahlissee/status/1866578735446765929,3
https://x.com/QudsNen/status/1866175095527403801,1
https://x.com/AdameMedia/status/1865067158889206234,1
https://x.com/QudsNen/status/1866746593078284636,6
https://x.com/OnlinePalEng/status/1866489325195567336,17
https://x.com/BeckettUnite/status/1857546620683927678,13
https://x.com/trackingisrael/status/1866577353293414514,7
https://x.com/jewsdid_911/status/1857594882526757354,7
https://x.com/RazMohamad32/status/1860551310526861381,8
https://x.com/RazMohamad32/status/1860551386439499917,7
https://x.com/_NicoleNonya/status/1867982246428434543,2
https://x.com/OnlinePalEng/status/1869064436067242402,5
https://x.com/Fx1Jonny/status/1868656786858971346,13
https://x.com/RyanRozbiani/status/1868974423493296603,5
https://x.com/TorahJudaism/status/1868928854338969623,15
https://x.com/RyanRozbiani/status/1868695079772176808,5
https://x.com/TorahJudaism/status/1855655168387539412,15
https://x.com/stairwayto3dom/status/1865588358812196896,11
https://x.com/badazn/status/1865063200443543891,15
https://x.com/Vigilante2801/status/1856194425740804255,15
https://x.com/KimDotcom/status/1851713063961207265,4
https://x.com/TorahJudaism/status/1867213650571800819,15
https://x.com/_NicoleNonya/status/1867621195262365834,15
https://x.com/rkarimi90210/status/1865469024131481995,15
https://x.com/RedCollectiveUK/status/1869434616266076337,5
https://x.com/search?q=holocaust&src=typed_query&f=top,9
https://x.com/TheOfficial1984/status/1845387532478882114,9
https://x.com/RealnewsQ/status/1823689130934415417,13
https://x.com/gky1960/status/1869658948422558129,15
https://x.com/Naveen97180/status/1869658588446437863,15
https://x.com/ecomarxi/status/1869163913843196038,15
https://x.com/badazn/status/1861066862882074878,15
https://x.com/TorahJudaism/status/1874115436733673589,5
https://x.com/darren_dazmav80/status/1874611326414463026,15
https://x.com/SlaveFor_Jesus/status/1872987813924450398,10
https://x.com/VatnikLobo91/status/1871619307308036523,15
https://x.com/LetsGoBrando45/status/1874672108560846875,10
https://x.com/ecomarxi/status/1872274412071711177,5
https://x.com/ecomarxi/status/1874800641048260619,5
https://x.com/AdameMedia/status/1882002637945811062,5
https://x.com/umyaznemo/status/1880665007102542014,5
https://x.com/MsJamshidi/status/1881147926707323121,5
https://x.com/patternspodcast/status/1881485780591522235,5
https://x.com/TheRISEofROD/status/1881750084943282556,5
https://x.com/TheRISEofROD/status/1881961144933605540,5
https://x.com/abierkhatib/status/1881546206016606340,5
https://x.com/OnePathNetwork/status/1881890630575796639,5
https://x.com/abierkhatib/status/1880699513675108848,5
https://x.com/NizMhani/status/1881745485469495510,5
https://x.com/AdameMedia/status/1881640547812569472,5
https://x.com/Vigilante2801/status/1882173012231041024,5
https://x.com/Master_Wu77/status/1882146819679089074,5
https://x.com/TheRISEofROD/status/1882075499343876325,5
https://x.com/ProjectTabs/status/1711162966354403771,5
https://x.com/PietPot7/status/1878467965273661513,5
https://x.com/Palsvig/status/1878378494230728850,5
https://x.com/thisonecansee/status/1874672334726193211,5
https://x.com/thisonecansee/status/1882179594096460179,5
https://x.com/henri_fjord/status/1879864247750193478,5
https://x.com/drr_palestine/status/1883886266879729859,5
https://x.com/REVMAXXING/status/1882982831334498799,5
https://x.com/OnlinePalEng/status/1882721487393878218,5
https://x.com/voiceofrabbis/status/1883928852969226399,5
https://x.com/Nadira_ali12/status/1884129279539281945,5
https://x.com/PalestineCultu1/status/1883600213723722123,5
https://x.com/LucasGageX/status/1883402830960365708,5
https://x.com/gazanotice/status/1882800964043714793,5
https://x.com/EFischberger/status/1868725795075793012,5
https://x.com/LGBTQ4Palestine/status/1865670539970326855,5
https://x.com/Palestine001_/status/1883829438284202177,5
https://x.com/LailaPalestini1/status/1884350775553610024,5
https://x.com/LailaPalestini1/status/1883616713318740080,5
https://x.com/LailaPalestini1/status/1883615900466807256,5
https://x.com/LailaPalestini1/status/1883614948234059907,5
https://x.com/Naila_Ayad/status/1882774377797955813,5
https://x.com/Haitham47117914/status/1877802471357079795,5
https://x.com/translatingpal/status/1883879119487705281,5
https://x.com/Knot_Shur/status/1886014258447892692,5
https://x.com/Apolitical3678/status/1883151497049055688,5
https://x.com/henri_fjord/status/1885615365549670648,5
https://x.com/henri_fjord/status/1884748345497059768,5
https://x.com/henri_fjord/status/1884176012906500243,5
https://x.com/PalestineCultu1/status/1883600213723722123,5
https://x.com/OnlinePalEng/status/1885977247766425930,5
https://x.com/voiceofrabbis/status/1886679868101759113,5
https://x.com/PalestineCultu1/status/1886512337865335253,5
https://x.com/timand2037/status/1886714990138429825,5
https://x.com/SaulStaniforth/status/1886444221793542620,5
https://x.com/SaraReyi/status/1886519059023307154,5
https://x.com/Motherl28134473/status/1884729142270153024,5
https://x.com/Motherl28134473/status/1883990421145280614,5
https://x.com/Haitham47117914/status/1874524934443241882,5
https://x.com/Haitham47117914/status/1880971211884404786,5
https://x.com/Haitham47117914/status/1878544495823716715,5
https://x.com/jrafati/status/1884773871032692887,5
https://x.com/HorrorHijabi/status/1886940018284941476,5
https://x.com/LailaPalestini1/status/1886527488047632512,5
https://x.com/PatriotSt0rm17/status/1886780110700691947,5
https://x.com/AdameMedia/status/1886987859728441621,5
